Name,SLpM,SApM,TD Avg,TD Acc %,TD Def %,Sub Avg,Stats Source,Stats Updated
Alden Coria,4.05,2.21,2.21,55.0,56.0,1.5,UFCStats via UFCalendar,2026-10-02T17:21:41.373836+00:00
Alexander Hernandez,4.23,4.45,1.05,35.0,69.0,0.1,UFCStats via UFCalendar,2026-10-02T17:21:32.877182+00:00
Andrey Pulyaev,2.52,2.91,0.0,0.0,45.0,0.0,UFCStats via UFCalendar,2026-10-02T17:21:56.290262+00:00
Anthony Wint,1.12,0.22,3.35,33.0,,3.3,UFCStats via UFCalendar,2026-10-02T17:21:32.829010+00:00
Ateba Gautier,3.99,3.05,0.54,100.0,100.0,0.0,UFCStats via UFCalendar,2026-10-02T17:21:37.655948+00:00
Benardo Sopaj,4.39,4.69,2.43,60.0,77.0,0.8,UFCStats via UFCalendar,2026-10-02T17:21:41.503718+00:00
Court McGee,4.5,3.65,1.78,25.0,71.0,0.4,UFCStats via UFCalendar,2026-10-02T17:21:46.757857+00:00
Damian Pinas,5.53,5.53,0.0,0.0,86.0,0.0,UFCStats via UFCalendar,2026-10-02T17:21:32.788545+00:00
Deiveson Figueiredo,2.57,3.43,1.61,35.0,57.0,1.2,UFCStats via UFCalendar,2026-10-02T17:21:56.338915+00:00
Eric Nolan,1.68,2.59,0.0,0.0,44.0,0.0,UFCStats via UFCalendar,2026-10-02T17:21:32.777567+00:00
Esteban Ribovics,7.41,5.72,0.33,67.0,66.0,0.2,UFCStats via UFCalendar,2026-10-02T17:21:37.603478+00:00
Imanol Rodriguez,5.71,2.42,1.3,,,0.0,UFC.com,2026-10-02T17:21:43.150527+00:00
Ismail Naurdiev,3.66,1.75,1.48,41.0,73.0,0.2,UFCStats via UFCalendar,2026-10-02T17:21:41.291533+00:00
Johnny Walker,3.7,2.91,0.28,40.0,50.0,0.4,UFCStats via UFCalendar,2026-10-02T17:21:37.732947+00:00
Khaos Williams,4.97,5.34,0.0,0.0,52.0,0.0,UFCStats via UFCalendar,2026-10-02T17:21:46.796403+00:00
King Green,6.59,3.7,1.26,46.0,69.0,0.3,UFCStats via UFCalendar,2026-10-02T17:21:46.805705+00:00
Marcus McGhee,5.44,3.64,0.24,11.0,90.0,0.2,UFCStats via UFCalendar,2026-10-02T17:21:37.668135+00:00
Marvin Vettori,4.74,4.55,1.41,44.0,69.0,0.4,UFCStats via UFCalendar,2026-10-02T17:21:41.546042+00:00
Mick Parkin,4.73,4.01,0.95,36.0,75.0,0.0,UFCStats via UFCalendar,2026-10-02T17:21:41.598459+00:00
Natalia Silva,4.81,2.36,0.43,30.0,90.0,0.0,UFCStats via UFCalendar,2026-10-02T17:21:37.686101+00:00
Payton Talbott,5.87,3.0,0.97,50.0,72.0,0.2,UFCStats via UFCalendar,2026-10-02T17:21:32.377852+00:00
Rafael Dos Anjos,3.48,3.23,1.95,36.0,55.0,0.6,UFCStats via UFCalendar,2026-10-02T17:21:48.464269+00:00
Roberto Soldic,2.61,5.22,0.0,,,0.0,UFCalendar tracked bouts,2026-10-02T17:21:32.744026+00:00
Roman Kopylov,4.54,5.08,1.12,50.0,89.0,0.0,UFCStats via UFCalendar,2026-10-02T17:21:46.757941+00:00
Wang Cong,6.84,2.82,0.43,67.0,86.0,0.2,UFCStats via UFCalendar,2026-10-02T17:21:46.745208+00:00
