Name,Opp,Fight,Game Info,Moneyline,Market Win %,Odds Source,Odds Updated
Alden Coria,Imanol Rodriguez,Coria@Rodriguez,Coria@Rodriguez 10/03/2026 07:00PM ET,120,43.650793650793645,DraftKings,2026-10-02T17:30:01.113877+00:00
Alexander Hernandez,Rafael Dos Anjos,Hernandez@Dos Anjos,Hernandez@Dos Anjos 10/03/2026 04:20PM ET,-278,70.50331642606321,DraftKings,2026-10-02T17:30:01.240904+00:00
Andrey Pulyaev,Damian Pinas,Pulyaev@Pinas,Pulyaev@Pinas 10/03/2026 06:40PM ET,410,18.813314037626625,DraftKings,2026-10-02T17:30:05.872602+00:00
Anthony Wint,Lucas Armand,Armand@Wint,Armand@Wint 10/03/2026 06:00PM ET,-520,80.42929292929294,DraftKings,2026-10-02T17:30:01.095095+00:00
Ateba Gautier,Roman Kopylov,Kopylov@Gautier,Kopylov@Gautier 10/03/2026 08:00PM ET,-250,68.53932584269663,DraftKings,2026-10-02T17:30:01.138076+00:00
Benardo Sopaj,Marcus McGhee,Sopaj@McGhee,Sopaj@McGhee 10/03/2026 06:20PM ET,114,44.8558885283451,DraftKings,2026-10-02T17:30:05.906029+00:00
Court McGee,Eric Nolan,Nolan@McGee,Nolan@McGee 10/03/2026 04:00PM ET,185,33.63518758085382,DraftKings,2026-10-02T17:30:05.887184+00:00
Damian Pinas,Andrey Pulyaev,Pulyaev@Pinas,Pulyaev@Pinas 10/03/2026 06:40PM ET,-550,81.18668596237336,DraftKings,2026-10-02T17:30:05.872602+00:00
Deiveson Figueiredo,Payton Talbott,Talbott@Figueiredo,Talbott@Figueiredo 10/03/2026 09:00PM ET,525,15.349887133182847,DraftKings,2026-10-02T17:30:05.931421+00:00
Eric Nolan,Court McGee,Nolan@McGee,Nolan@McGee 10/03/2026 04:00PM ET,-225,66.36481241914618,DraftKings,2026-10-02T17:30:05.887184+00:00
Esteban Ribovics,King Green,Ribovics@Green,Ribovics@Green 10/03/2026 08:40PM ET,-225,66.36481241914618,DraftKings,2026-10-02T17:30:05.919799+00:00
Imanol Rodriguez,Alden Coria,Coria@Rodriguez,Coria@Rodriguez 10/03/2026 07:00PM ET,-142,56.34920634920635,DraftKings,2026-10-02T17:30:01.113877+00:00
Ismail Naurdiev,Marvin Vettori,Naurdiev@Vettori,Naurdiev@Vettori 10/03/2026 04:10PM ET,-142,56.34920634920635,DraftKings,2026-10-02T17:30:01.197104+00:00
Johnny Walker,Mick Parkin,Parkin@Walker,Parkin@Walker 10/03/2026 04:40PM ET,-120,52.17391304347826,DraftKings,2026-10-02T17:30:05.835220+00:00
Khaos Williams,Roberto Soldic,Williams@Soldic,Williams@Soldic 10/03/2026 08:20PM ET,195,32.496875300451876,DraftKings,2026-10-02T17:30:10.178918+00:00
King Green,Esteban Ribovics,Ribovics@Green,Ribovics@Green 10/03/2026 08:40PM ET,185,33.63518758085382,DraftKings,2026-10-02T17:30:05.919799+00:00
Lucas Armand,Anthony Wint,Armand@Wint,Armand@Wint 10/03/2026 06:00PM ET,390,19.570707070707073,DraftKings,2026-10-02T17:30:01.095095+00:00
Marcus McGhee,Benardo Sopaj,Sopaj@McGhee,Sopaj@McGhee 10/03/2026 06:20PM ET,-135,55.1441114716549,DraftKings,2026-10-02T17:30:05.906029+00:00
Marvin Vettori,Ismail Naurdiev,Naurdiev@Vettori,Naurdiev@Vettori 10/03/2026 04:10PM ET,120,43.650793650793645,DraftKings,2026-10-02T17:30:01.197104+00:00
Mick Parkin,Johnny Walker,Parkin@Walker,Parkin@Walker 10/03/2026 04:40PM ET,100,47.82608695652174,DraftKings,2026-10-02T17:30:05.835220+00:00
Natalia Silva,Wang Cong,Cong@Silva,Cong@Silva 10/03/2026 09:20PM ET,-205,64.47291788002329,DraftKings,2026-10-02T17:30:01.164287+00:00
Payton Talbott,Deiveson Figueiredo,Talbott@Figueiredo,Talbott@Figueiredo 10/03/2026 09:00PM ET,-750,84.65011286681717,DraftKings,2026-10-02T17:30:05.931421+00:00
Rafael Dos Anjos,Alexander Hernandez,Hernandez@Dos Anjos,Hernandez@Dos Anjos 10/03/2026 04:20PM ET,225,29.49668357393679,DraftKings,2026-10-02T17:30:01.240904+00:00
Roberto Soldic,Khaos Williams,Williams@Soldic,Williams@Soldic 10/03/2026 08:20PM ET,-238,67.50312469954812,DraftKings,2026-10-02T17:30:10.178918+00:00
Roman Kopylov,Ateba Gautier,Kopylov@Gautier,Kopylov@Gautier 10/03/2026 08:00PM ET,205,31.460674157303366,DraftKings,2026-10-02T17:30:01.138076+00:00
Wang Cong,Natalia Silva,Cong@Silva,Cong@Silva 10/03/2026 09:20PM ET,170,35.527082119976704,DraftKings,2026-10-02T17:30:01.164287+00:00
