Snapshot UTC,Event ID,Commence Time UTC,Team,Opponent,Home/Away,Spread,Game Total,Team Total,Book Count,Books,Credits Remaining,Credits Used,Credits Last,Source,Source URL,Retrieved UTC
2026-09-29T15:00:00+00:00,2026-week4-PIT-CLE,2026-10-02T00:15:00Z,PIT,CLE,AWAY,-2.5,38.0,20.25,1,Fanatics Sportsbook,,,,Fanatics Sportsbook (published snapshot),https://betfanatics.com/blog/nfl-week-4-odds-spreads-and-betting-lines-for-every-game,2026-09-30T17:36:59+00:00
2026-09-29T15:00:00+00:00,2026-week4-PIT-CLE,2026-10-02T00:15:00Z,CLE,PIT,HOME,2.5,38.0,17.75,1,Fanatics Sportsbook,,,,Fanatics Sportsbook (published snapshot),https://betfanatics.com/blog/nfl-week-4-odds-spreads-and-betting-lines-for-every-game,2026-09-30T17:36:59+00:00
2026-09-29T15:00:00+00:00,2026-week4-IND-WAS,2026-10-04T13:30:00Z,IND,WAS,AWAY,-3.0,47.0,25.0,1,Fanatics Sportsbook,,,,Fanatics Sportsbook (published snapshot),https://betfanatics.com/blog/nfl-week-4-odds-spreads-and-betting-lines-for-every-game,2026-09-30T17:36:59+00:00
2026-09-29T15:00:00+00:00,2026-week4-IND-WAS,2026-10-04T13:30:00Z,WAS,IND,HOME,3.0,47.0,22.0,1,Fanatics Sportsbook,,,,Fanatics Sportsbook (published snapshot),https://betfanatics.com/blog/nfl-week-4-odds-spreads-and-betting-lines-for-every-game,2026-09-30T17:36:59+00:00
2026-09-29T15:00:00+00:00,2026-week4-ARI-NYG,2026-10-04T17:00:00Z,ARI,NYG,AWAY,-0.5,44.0,22.25,1,Fanatics Sportsbook,,,,Fanatics Sportsbook (published snapshot),https://betfanatics.com/blog/nfl-week-4-odds-spreads-and-betting-lines-for-every-game,2026-09-30T17:36:59+00:00
2026-09-29T15:00:00+00:00,2026-week4-ARI-NYG,2026-10-04T17:00:00Z,NYG,ARI,HOME,0.5,44.0,21.75,1,Fanatics Sportsbook,,,,Fanatics Sportsbook (published snapshot),https://betfanatics.com/blog/nfl-week-4-odds-spreads-and-betting-lines-for-every-game,2026-09-30T17:36:59+00:00
2026-09-29T15:00:00+00:00,2026-week4-DAL-HOU,2026-10-04T17:00:00Z,DAL,HOU,AWAY,2.5,47.5,22.5,1,Fanatics Sportsbook,,,,Fanatics Sportsbook (published snapshot),https://betfanatics.com/blog/nfl-week-4-odds-spreads-and-betting-lines-for-every-game,2026-09-30T17:36:59+00:00
2026-09-29T15:00:00+00:00,2026-week4-DAL-HOU,2026-10-04T17:00:00Z,HOU,DAL,HOME,-2.5,47.5,25.0,1,Fanatics Sportsbook,,,,Fanatics Sportsbook (published snapshot),https://betfanatics.com/blog/nfl-week-4-odds-spreads-and-betting-lines-for-every-game,2026-09-30T17:36:59+00:00
2026-09-29T15:00:00+00:00,2026-week4-GB-TB,2026-10-04T17:00:00Z,GB,TB,AWAY,-3.5,41.0,22.25,1,Fanatics Sportsbook,,,,Fanatics Sportsbook (published snapshot),https://betfanatics.com/blog/nfl-week-4-odds-spreads-and-betting-lines-for-every-game,2026-09-30T17:36:59+00:00
2026-09-29T15:00:00+00:00,2026-week4-GB-TB,2026-10-04T17:00:00Z,TB,GB,HOME,3.5,41.0,18.75,1,Fanatics Sportsbook,,,,Fanatics Sportsbook (published snapshot),https://betfanatics.com/blog/nfl-week-4-odds-spreads-and-betting-lines-for-every-game,2026-09-30T17:36:59+00:00
2026-09-29T15:00:00+00:00,2026-week4-JAX-CIN,2026-10-04T17:00:00Z,JAX,CIN,AWAY,2.5,51.0,24.25,1,Fanatics Sportsbook,,,,Fanatics Sportsbook (published snapshot),https://betfanatics.com/blog/nfl-week-4-odds-spreads-and-betting-lines-for-every-game,2026-09-30T17:36:59+00:00
2026-09-29T15:00:00+00:00,2026-week4-JAX-CIN,2026-10-04T17:00:00Z,CIN,JAX,HOME,-2.5,51.0,26.75,1,Fanatics Sportsbook,,,,Fanatics Sportsbook (published snapshot),https://betfanatics.com/blog/nfl-week-4-odds-spreads-and-betting-lines-for-every-game,2026-09-30T17:36:59+00:00
2026-09-29T15:00:00+00:00,2026-week4-LAR-PHI,2026-10-04T17:00:00Z,LAR,PHI,AWAY,-2.5,46.5,24.5,1,Fanatics Sportsbook,,,,Fanatics Sportsbook (published snapshot),https://betfanatics.com/blog/nfl-week-4-odds-spreads-and-betting-lines-for-every-game,2026-09-30T17:36:59+00:00
2026-09-29T15:00:00+00:00,2026-week4-LAR-PHI,2026-10-04T17:00:00Z,PHI,LAR,HOME,2.5,46.5,22.0,1,Fanatics Sportsbook,,,,Fanatics Sportsbook (published snapshot),https://betfanatics.com/blog/nfl-week-4-odds-spreads-and-betting-lines-for-every-game,2026-09-30T17:36:59+00:00
2026-09-29T15:00:00+00:00,2026-week4-NE-BUF,2026-10-04T17:00:00Z,NE,BUF,AWAY,6.5,48.0,20.75,1,Fanatics Sportsbook,,,,Fanatics Sportsbook (published snapshot),https://betfanatics.com/blog/nfl-week-4-odds-spreads-and-betting-lines-for-every-game,2026-09-30T17:36:59+00:00
2026-09-29T15:00:00+00:00,2026-week4-NE-BUF,2026-10-04T17:00:00Z,BUF,NE,HOME,-6.5,48.0,27.25,1,Fanatics Sportsbook,,,,Fanatics Sportsbook (published snapshot),https://betfanatics.com/blog/nfl-week-4-odds-spreads-and-betting-lines-for-every-game,2026-09-30T17:36:59+00:00
2026-09-29T15:00:00+00:00,2026-week4-NYJ-CHI,2026-10-04T17:00:00Z,NYJ,CHI,AWAY,3.0,43.5,20.25,1,Fanatics Sportsbook,,,,Fanatics Sportsbook (published snapshot),https://betfanatics.com/blog/nfl-week-4-odds-spreads-and-betting-lines-for-every-game,2026-09-30T17:36:59+00:00
2026-09-29T15:00:00+00:00,2026-week4-NYJ-CHI,2026-10-04T17:00:00Z,CHI,NYJ,HOME,-3.0,43.5,23.25,1,Fanatics Sportsbook,,,,Fanatics Sportsbook (published snapshot),https://betfanatics.com/blog/nfl-week-4-odds-spreads-and-betting-lines-for-every-game,2026-09-30T17:36:59+00:00
2026-09-29T15:00:00+00:00,2026-week4-TEN-BAL,2026-10-04T17:00:00Z,TEN,BAL,AWAY,11.5,43.5,16.0,1,Fanatics Sportsbook,,,,Fanatics Sportsbook (published snapshot),https://betfanatics.com/blog/nfl-week-4-odds-spreads-and-betting-lines-for-every-game,2026-09-30T17:36:59+00:00
2026-09-29T15:00:00+00:00,2026-week4-TEN-BAL,2026-10-04T17:00:00Z,BAL,TEN,HOME,-11.5,43.5,27.5,1,Fanatics Sportsbook,,,,Fanatics Sportsbook (published snapshot),https://betfanatics.com/blog/nfl-week-4-odds-spreads-and-betting-lines-for-every-game,2026-09-30T17:36:59+00:00
2026-09-29T15:00:00+00:00,2026-week4-MIA-MIN,2026-10-04T20:05:00Z,MIA,MIN,AWAY,10.0,39.0,14.5,1,Fanatics Sportsbook,,,,Fanatics Sportsbook (published snapshot),https://betfanatics.com/blog/nfl-week-4-odds-spreads-and-betting-lines-for-every-game,2026-09-30T17:36:59+00:00
2026-09-29T15:00:00+00:00,2026-week4-MIA-MIN,2026-10-04T20:05:00Z,MIN,MIA,HOME,-10.0,39.0,24.5,1,Fanatics Sportsbook,,,,Fanatics Sportsbook (published snapshot),https://betfanatics.com/blog/nfl-week-4-odds-spreads-and-betting-lines-for-every-game,2026-09-30T17:36:59+00:00
2026-09-29T15:00:00+00:00,2026-week4-DEN-SF,2026-10-04T20:25:00Z,DEN,SF,AWAY,3.0,46.5,21.75,1,Fanatics Sportsbook,,,,Fanatics Sportsbook (published snapshot),https://betfanatics.com/blog/nfl-week-4-odds-spreads-and-betting-lines-for-every-game,2026-09-30T17:36:59+00:00
2026-09-29T15:00:00+00:00,2026-week4-DEN-SF,2026-10-04T20:25:00Z,SF,DEN,HOME,-3.0,46.5,24.75,1,Fanatics Sportsbook,,,,Fanatics Sportsbook (published snapshot),https://betfanatics.com/blog/nfl-week-4-odds-spreads-and-betting-lines-for-every-game,2026-09-30T17:36:59+00:00
2026-09-29T15:00:00+00:00,2026-week4-KC-LV,2026-10-04T20:25:00Z,KC,LV,AWAY,-4.5,47.5,26.0,1,Fanatics Sportsbook,,,,Fanatics Sportsbook (published snapshot),https://betfanatics.com/blog/nfl-week-4-odds-spreads-and-betting-lines-for-every-game,2026-09-30T17:36:59+00:00
2026-09-29T15:00:00+00:00,2026-week4-KC-LV,2026-10-04T20:25:00Z,LV,KC,HOME,4.5,47.5,21.5,1,Fanatics Sportsbook,,,,Fanatics Sportsbook (published snapshot),https://betfanatics.com/blog/nfl-week-4-odds-spreads-and-betting-lines-for-every-game,2026-09-30T17:36:59+00:00
2026-09-29T15:00:00+00:00,2026-week4-LAC-SEA,2026-10-04T20:25:00Z,LAC,SEA,AWAY,7.0,43.0,18.0,1,Fanatics Sportsbook,,,,Fanatics Sportsbook (published snapshot),https://betfanatics.com/blog/nfl-week-4-odds-spreads-and-betting-lines-for-every-game,2026-09-30T17:36:59+00:00
2026-09-29T15:00:00+00:00,2026-week4-LAC-SEA,2026-10-04T20:25:00Z,SEA,LAC,HOME,-7.0,43.0,25.0,1,Fanatics Sportsbook,,,,Fanatics Sportsbook (published snapshot),https://betfanatics.com/blog/nfl-week-4-odds-spreads-and-betting-lines-for-every-game,2026-09-30T17:36:59+00:00
2026-09-29T15:00:00+00:00,2026-week4-DET-CAR,2026-10-05T00:20:00Z,DET,CAR,AWAY,-3.5,50.5,27.0,1,Fanatics Sportsbook,,,,Fanatics Sportsbook (published snapshot),https://betfanatics.com/blog/nfl-week-4-odds-spreads-and-betting-lines-for-every-game,2026-09-30T17:36:59+00:00
2026-09-29T15:00:00+00:00,2026-week4-DET-CAR,2026-10-05T00:20:00Z,CAR,DET,HOME,3.5,50.5,23.5,1,Fanatics Sportsbook,,,,Fanatics Sportsbook (published snapshot),https://betfanatics.com/blog/nfl-week-4-odds-spreads-and-betting-lines-for-every-game,2026-09-30T17:36:59+00:00
2026-09-29T15:00:00+00:00,2026-week4-ATL-NO,2026-10-06T00:15:00Z,ATL,NO,AWAY,2.5,48.5,23.0,1,Fanatics Sportsbook,,,,Fanatics Sportsbook (published snapshot),https://betfanatics.com/blog/nfl-week-4-odds-spreads-and-betting-lines-for-every-game,2026-09-30T17:36:59+00:00
2026-09-29T15:00:00+00:00,2026-week4-ATL-NO,2026-10-06T00:15:00Z,NO,ATL,HOME,-2.5,48.5,25.5,1,Fanatics Sportsbook,,,,Fanatics Sportsbook (published snapshot),https://betfanatics.com/blog/nfl-week-4-odds-spreads-and-betting-lines-for-every-game,2026-09-30T17:36:59+00:00
