Position,Name + ID,Name,ID,Roster Position,Salary,Game Info,TeamAbbrev,AvgPointsPerGame,Status,Starting
C,Connor McDavid (44250437),Connor McDavid,44250437,C/UTIL,8500,VAN@EDM 09/29/2026 10:00PM ET,EDM,17.89,,
G,Tristan Jarry (44250981),Tristan Jarry,44250981,G,8400,VAN@EDM 09/29/2026 10:00PM ET,EDM,9.33,,P
G,Devon Levi (44250982),Devon Levi,44250982,G,8400,VAN@EDM 09/29/2026 10:00PM ET,EDM,0,,
G,Adin Hill (44250983),Adin Hill,44250983,G,8300,CHI@VGK 09/29/2026 10:30PM ET,VGK,6.4,,
G,Carter Hart (44250984),Carter Hart,44250984,G,8300,CHI@VGK 09/29/2026 10:30PM ET,VGK,11.55,,
C,Auston Matthews (44250439),Auston Matthews,44250439,C/UTIL,8200,MTL@TOR 09/29/2026 07:00PM ET,TOR,15.27,,
G,Frederik Andersen (44250985),Frederik Andersen,44250985,G,8200,VAN@EDM 09/29/2026 10:00PM ET,EDM,9.18,IR,
G,Connor Ungar (44250986),Connor Ungar,44250986,G,8200,VAN@EDM 09/29/2026 10:00PM ET,EDM,0,,
G,Carl Lindbom (44250987),Carl Lindbom,44250987,G,8100,CHI@VGK 09/29/2026 10:30PM ET,VGK,5.94,,
G,Cameron Whitehead (44250988),Cameron Whitehead,44250988,G,8100,CHI@VGK 09/29/2026 10:30PM ET,VGK,0,,
LW,Leon Draisaitl (44250567),Leon Draisaitl,44250567,W/UTIL,8000,VAN@EDM 09/29/2026 10:00PM ET,EDM,14.97,,
G,Michael DiPietro (44250989),Michael DiPietro,44250989,G,8000,NYR@BOS 09/29/2026 08:00PM ET,BOS,1.4,,
G,Jeremy Swayman (44250990),Jeremy Swayman,44250990,G,8000,NYR@BOS 09/29/2026 08:00PM ET,BOS,12.6,,P
RW,David Pastrnak (44250569),David Pastrnak,44250569,W/UTIL,7800,NYR@BOS 09/29/2026 08:00PM ET,BOS,14.75,,
G,Sergei Bobrovsky (44250991),Sergei Bobrovsky,44250991,G,7800,MTL@TOR 09/29/2026 07:00PM ET,TOR,8.04,,P
G,Anthony Stolarz (44250992),Anthony Stolarz,44250992,G,7800,MTL@TOR 09/29/2026 07:00PM ET,TOR,9.55,,
G,Jiri Patera (44250993),Jiri Patera,44250993,G,7800,NYR@BOS 09/29/2026 08:00PM ET,BOS,-1.4,,
G,Luke Cavallin (44250994),Luke Cavallin,44250994,G,7800,NYR@BOS 09/29/2026 08:00PM ET,BOS,0,,
G,Simon Zajicek (44250995),Simon Zajicek,44250995,G,7800,NYR@BOS 09/29/2026 08:00PM ET,BOS,0,,
G,Max Lundgren (44250996),Max Lundgren,44250996,G,7800,NYR@BOS 09/29/2026 08:00PM ET,BOS,0,,
C,Jack Eichel (44250441),Jack Eichel,44250441,C/UTIL,7700,CHI@VGK 09/29/2026 10:30PM ET,VGK,13.83,,
G,Samuel Hlavaj (44250997),Samuel Hlavaj,44250997,G,7600,MTL@TOR 09/29/2026 07:00PM ET,TOR,0,,
G,Artur Akhtyamov (44250998),Artur Akhtyamov,44250998,G,7600,MTL@TOR 09/29/2026 07:00PM ET,TOR,4.73,,
G,Jakub Dobes (44250999),Jakub Dobes,44250999,G,7600,MTL@TOR 09/29/2026 07:00PM ET,MTL,12.82,,P
G,Jacob Fowler (44251000),Jacob Fowler,44251000,G,7600,MTL@TOR 09/29/2026 07:00PM ET,MTL,11.31,,
G,Elvis Merzlikins (44328386),Elvis Merzlikins,44328386,G,7600,MTL@TOR 09/29/2026 07:00PM ET,TOR,9.31,IR,
RW,William Nylander (44250571),William Nylander,44250571,W/UTIL,7500,MTL@TOR 09/29/2026 07:00PM ET,TOR,12.6,,
G,Joonas Korpisalo (44251001),Joonas Korpisalo,44251001,G,7400,NYR@BOS 09/29/2026 08:00PM ET,NYR,10.43,,
G,Kaapo Kahkonen (44251002),Kaapo Kahkonen,44251002,G,7400,MTL@TOR 09/29/2026 07:00PM ET,MTL,0,,
G,Igor Shesterkin (44251003),Igor Shesterkin,44251003,G,7400,NYR@BOS 09/29/2026 08:00PM ET,NYR,12.79,,
G,Sam Montembeault (44251004),Sam Montembeault,44251004,G,7400,MTL@TOR 09/29/2026 07:00PM ET,MTL,7.25,,
C,Connor Bedard (44250443),Connor Bedard,44250443,C/UTIL,7200,CHI@VGK 09/29/2026 10:30PM ET,CHI,13.55,IR,
G,Spencer Martin (44251005),Spencer Martin,44251005,G,7200,NYR@BOS 09/29/2026 08:00PM ET,NYR,4.15,,
G,Dylan Garand (44251006),Dylan Garand,44251006,G,7200,NYR@BOS 09/29/2026 08:00PM ET,NYR,21.07,,
LW,Cole Caufield (44250573),Cole Caufield,44250573,W/UTIL,7100,MTL@TOR 09/29/2026 07:00PM ET,MTL,12.77,,
G,Spencer Knight (44251007),Spencer Knight,44251007,G,7100,CHI@VGK 09/29/2026 10:30PM ET,CHI,11.34,,
G,Arvid Soderblom (44251008),Arvid Soderblom,44251008,G,7100,CHI@VGK 09/29/2026 10:30PM ET,CHI,8.62,,
G,Kevin Lankinen (44251009),Kevin Lankinen,44251009,G,7000,VAN@EDM 09/29/2026 10:00PM ET,VAN,6.93,,
G,Nikita Tolopilo (44251010),Nikita Tolopilo,44251010,G,7000,VAN@EDM 09/29/2026 10:00PM ET,VAN,7.93,,
RW,Mitch Marner (44250575),Mitch Marner,44250575,W/UTIL,6900,CHI@VGK 09/29/2026 10:30PM ET,VGK,11.24,,
G,Drew Commesso (44251011),Drew Commesso,44251011,G,6900,CHI@VGK 09/29/2026 10:30PM ET,CHI,16.37,,
G,Adam Gajan (44251012),Adam Gajan,44251012,G,6900,CHI@VGK 09/29/2026 10:30PM ET,CHI,0,,
G,Stanislav Berezhnoy (44251013),Stanislav Berezhnoy,44251013,G,6900,CHI@VGK 09/29/2026 10:30PM ET,CHI,0,,
C,John Tavares (44250445),John Tavares,44250445,C/UTIL,6800,MTL@TOR 09/29/2026 07:00PM ET,TOR,9.95,,
G,Thatcher Demko (44251014),Thatcher Demko,44251014,G,6800,VAN@EDM 09/29/2026 10:00PM ET,VAN,9.64,IR,
G,Ty Young (44251015),Ty Young,44251015,G,6800,VAN@EDM 09/29/2026 10:00PM ET,VAN,0,,
G,Chris Driedger (44251016),Chris Driedger,44251016,G,6800,VAN@EDM 09/29/2026 10:00PM ET,VAN,0,,
C,Nick Suzuki (44250447),Nick Suzuki,44250447,C/UTIL,6700,MTL@TOR 09/29/2026 07:00PM ET,MTL,11.96,,
RW,Zach Hyman (44250577),Zach Hyman,44250577,W/UTIL,6700,VAN@EDM 09/29/2026 10:00PM ET,EDM,11.18,,
D,Evan Bouchard (44250781),Evan Bouchard,44250781,D/UTIL,6700,VAN@EDM 09/29/2026 10:00PM ET,EDM,13.44,,
LW,Gavin McKenna (44250579),Gavin McKenna,44250579,W/UTIL,6500,MTL@TOR 09/29/2026 07:00PM ET,TOR,0,,
RW,Mark Stone (44250581),Mark Stone,44250581,W/UTIL,6400,CHI@VGK 09/29/2026 10:30PM ET,VGK,12.04,,
C,Mika Zibanejad (44250449),Mika Zibanejad,44250449,C/UTIL,6200,NYR@BOS 09/29/2026 08:00PM ET,NYR,12.04,,
RW,Patrick Kane (44250583),Patrick Kane,44250583,W/UTIL,6100,CHI@VGK 09/29/2026 10:30PM ET,CHI,9.83,,
LW,Kirill Marchenko (44328384),Kirill Marchenko,44328384,W/UTIL,6000,MTL@TOR 09/29/2026 07:00PM ET,TOR,11.49,DTD,
LW,Juraj Slafkovsky (44250585),Juraj Slafkovsky,44250585,W/UTIL,5900,MTL@TOR 09/29/2026 07:00PM ET,MTL,10.87,,
C,Anton Frondell (44250451),Anton Frondell,44250451,C/UTIL,5800,CHI@VGK 09/29/2026 10:30PM ET,CHI,11.28,,
D,Darren Raddysh (44250783),Darren Raddysh,44250783,D/UTIL,5700,MTL@TOR 09/29/2026 07:00PM ET,TOR,12.49,,
RW,Tyler Bertuzzi (44250587),Tyler Bertuzzi,44250587,W/UTIL,5600,CHI@VGK 09/29/2026 10:30PM ET,CHI,8.94,,
D,Adam Fox (44250785),Adam Fox,44250785,D/UTIL,5600,NYR@BOS 09/29/2026 08:00PM ET,NYR,10.37,,
C,J.T. Miller (44250453),J.T. Miller,44250453,C/UTIL,5500,NYR@BOS 09/29/2026 08:00PM ET,NYR,9.09,,
LW,Matthew Knies (44250589),Matthew Knies,44250589,W/UTIL,5500,MTL@TOR 09/29/2026 07:00PM ET,TOR,8.79,,
LW,Pavel Dorofeyev (44250591),Pavel Dorofeyev,44250591,W/UTIL,5400,NYR@BOS 09/29/2026 08:00PM ET,NYR,10.79,,
D,Shea Theodore (44250787),Shea Theodore,44250787,D/UTIL,5400,CHI@VGK 09/29/2026 10:30PM ET,VGK,9.36,,
LW,Roman Kantserov (44250593),Roman Kantserov,44250593,W/UTIL,5300,CHI@VGK 09/29/2026 10:30PM ET,CHI,0,,
D,Lane Hutson (44250789),Lane Hutson,44250789,D/UTIL,5300,MTL@TOR 09/29/2026 07:00PM ET,MTL,10.64,,
LW,Morgan Geekie (44250595),Morgan Geekie,44250595,W/UTIL,5200,NYR@BOS 09/29/2026 08:00PM ET,BOS,10.12,,
D,Charlie McAvoy (44250791),Charlie McAvoy,44250791,D/UTIL,5100,NYR@BOS 09/29/2026 08:00PM ET,BOS,10.66,OUT,
RW,Brock Boeser (44250597),Brock Boeser,44250597,W/UTIL,5000,VAN@EDM 09/29/2026 10:00PM ET,VAN,8.48,,
D,Noah Dobson (44250793),Noah Dobson,44250793,D/UTIL,5000,MTL@TOR 09/29/2026 07:00PM ET,MTL,10.27,,
C,Elias Pettersson (44250455),Elias Pettersson,44250455,C/UTIL,4900,VAN@EDM 09/29/2026 10:00PM ET,VAN,9.57,,
RW,Chris Kreider (44250599),Chris Kreider,44250599,W/UTIL,4900,MTL@TOR 09/29/2026 07:00PM ET,MTL,7.41,,
D,Rasmus Andersson (44250795),Rasmus Andersson,44250795,D/UTIL,4900,CHI@VGK 09/29/2026 10:30PM ET,VGK,9.9,,
C,Ryan Nugent-Hopkins (44250457),Ryan Nugent-Hopkins,44250457,C/UTIL,4800,VAN@EDM 09/29/2026 10:00PM ET,EDM,8.54,OUT,
LW,Jake DeBrusk (44250601),Jake DeBrusk,44250601,W/UTIL,4800,VAN@EDM 09/29/2026 10:00PM ET,VAN,8.87,,
C,Tomas Hertl (44250459),Tomas Hertl,44250459,C/UTIL,4700,CHI@VGK 09/29/2026 10:30PM ET,VGK,9.02,,
RW,Alexis Lafreniere (44250603),Alexis Lafreniere,44250603,W/UTIL,4700,NYR@BOS 09/29/2026 08:00PM ET,NYR,8.68,,
RW,Jack Roslovic (44250605),Jack Roslovic,44250605,W/UTIL,4600,MTL@TOR 09/29/2026 07:00PM ET,TOR,7.01,,
D,Morgan Rielly (44250797),Morgan Rielly,44250797,D/UTIL,4600,MTL@TOR 09/29/2026 07:00PM ET,TOR,8.18,,
C,Pavel Zacha (44250461),Pavel Zacha,44250461,C/UTIL,4500,NYR@BOS 09/29/2026 08:00PM ET,BOS,8.63,,
LW,Ivan Barbashev (44250607),Ivan Barbashev,44250607,W/UTIL,4500,CHI@VGK 09/29/2026 10:30PM ET,VGK,7.98,,
D,Jake Walman (44250799),Jake Walman,44250799,D/UTIL,4500,VAN@EDM 09/29/2026 10:00PM ET,EDM,7.96,,
C,William Karlsson (44250463),William Karlsson,44250463,C/UTIL,4400,CHI@VGK 09/29/2026 10:30PM ET,VGK,8.1,,
RW,Ivan Demidov (44250609),Ivan Demidov,44250609,W/UTIL,4400,MTL@TOR 09/29/2026 07:00PM ET,MTL,7.34,DTD,
D,Filip Hronek (44250801),Filip Hronek,44250801,D/UTIL,4400,VAN@EDM 09/29/2026 10:00PM ET,VAN,7.98,,
C,Frank Nazar (44250465),Frank Nazar,44250465,C/UTIL,4300,CHI@VGK 09/29/2026 10:30PM ET,CHI,8.26,,
RW,Ilya Safonov (44250611),Ilya Safonov,44250611,W/UTIL,4300,VAN@EDM 09/29/2026 10:00PM ET,VAN,0,,
D,Bowen Byram (44250803),Bowen Byram,44250803,D/UTIL,4300,CHI@VGK 09/29/2026 10:30PM ET,CHI,7.13,,
RW,Eeli Tolvanen (44250613),Eeli Tolvanen,44250613,W/UTIL,4200,NYR@BOS 09/29/2026 08:00PM ET,NYR,7.46,,
D,Mattias Ekholm (44250805),Mattias Ekholm,44250805,D/UTIL,4200,VAN@EDM 09/29/2026 10:00PM ET,EDM,7.86,,
C,Marco Rossi (44250467),Marco Rossi,44250467,C/UTIL,4100,VAN@EDM 09/29/2026 10:00PM ET,VAN,7.37,,
RW,JJ Peterka (44250615),JJ Peterka,44250615,W/UTIL,4100,NYR@BOS 09/29/2026 08:00PM ET,BOS,6.93,,
D,Sean Durzi (44250807),Sean Durzi,44250807,D/UTIL,4100,NYR@BOS 09/29/2026 08:00PM ET,NYR,7.29,,
C,Elias Lindholm (44250469),Elias Lindholm,44250469,C/UTIL,4000,NYR@BOS 09/29/2026 08:00PM ET,BOS,8.1,,
RW,Vasily Podkolzin (44250617),Vasily Podkolzin,44250617,W/UTIL,4000,VAN@EDM 09/29/2026 10:00PM ET,EDM,6.84,,
LW,Gabe Perreault (44250619),Gabe Perreault,44250619,W/UTIL,3900,NYR@BOS 09/29/2026 08:00PM ET,NYR,6.8,,
LW,Easton Cowan (44250621),Easton Cowan,44250621,W/UTIL,3900,MTL@TOR 09/29/2026 07:00PM ET,TOR,5.5,,
D,Noah Hanifin (44250809),Noah Hanifin,44250809,D/UTIL,3900,CHI@VGK 09/29/2026 10:30PM ET,VGK,7.73,,
RW,Teuvo Teravainen (44250623),Teuvo Teravainen,44250623,W/UTIL,3800,CHI@VGK 09/29/2026 10:30PM ET,CHI,5.7,,
LW,Will Cuylle (44250625),Will Cuylle,44250625,W/UTIL,3800,NYR@BOS 09/29/2026 08:00PM ET,NYR,7.71,,
D,Mike Matheson (44250811),Mike Matheson,44250811,D/UTIL,3800,MTL@TOR 09/29/2026 07:00PM ET,MTL,8.27,,
RW,Oliver Bjorkstrand (44250627),Oliver Bjorkstrand,44250627,W/UTIL,3700,NYR@BOS 09/29/2026 08:00PM ET,NYR,5.75,,
LW,Brett Howden (44250629),Brett Howden,44250629,W/UTIL,3700,CHI@VGK 09/29/2026 10:30PM ET,VGK,6.27,,
D,Vladislav Gavrikov (44250813),Vladislav Gavrikov,44250813,D/UTIL,3700,NYR@BOS 09/29/2026 08:00PM ET,NYR,7.09,,
RW,Kasperi Kapanen (44250631),Kasperi Kapanen,44250631,W/UTIL,3600,VAN@EDM 09/29/2026 10:00PM ET,EDM,6.57,,
LW,Ryan Donato (44250633),Ryan Donato,44250633,W/UTIL,3600,CHI@VGK 09/29/2026 10:30PM ET,CHI,5.24,,
D,Jake McCabe (44250815),Jake McCabe,44250815,D/UTIL,3600,MTL@TOR 09/29/2026 07:00PM ET,TOR,7.62,,
C,Filip Chytil (44250471),Filip Chytil,44250471,C/UTIL,3500,VAN@EDM 09/29/2026 10:00PM ET,VAN,5.81,IR,
RW,Linus Karlsson (44250635),Linus Karlsson,44250635,W/UTIL,3500,VAN@EDM 09/29/2026 10:00PM ET,VAN,5.58,,
LW,Isaac Howard (44250637),Isaac Howard,44250637,W/UTIL,3500,VAN@EDM 09/29/2026 10:00PM ET,EDM,3.19,,
D,Oliver Ekman-Larsson (44250817),Oliver Ekman-Larsson,44250817,D/UTIL,3500,MTL@TOR 09/29/2026 07:00PM ET,TOR,6.6,,
C,Oliver Kapanen (44250473),Oliver Kapanen,44250473,C/UTIL,3400,MTL@TOR 09/29/2026 07:00PM ET,MTL,6.66,DTD,
LW,Alex Newhook (44250639),Alex Newhook,44250639,W/UTIL,3400,MTL@TOR 09/29/2026 07:00PM ET,MTL,7.02,,
LW,Trevor Connelly (44250641),Trevor Connelly,44250641,W/UTIL,3400,CHI@VGK 09/29/2026 10:30PM ET,VGK,0,,
D,Brayden McNabb (44250819),Brayden McNabb,44250819,D/UTIL,3400,CHI@VGK 09/29/2026 10:30PM ET,VGK,7.39,,
D,Hampus Lindholm (44250821),Hampus Lindholm,44250821,D/UTIL,3400,NYR@BOS 09/29/2026 08:00PM ET,BOS,7.03,,
C,Nick Paul (44250475),Nick Paul,44250475,C/UTIL,3300,MTL@TOR 09/29/2026 07:00PM ET,TOR,4.34,DTD,
LW,Drew O'Connor (44250643),Drew O'Connor,44250643,W/UTIL,3300,VAN@EDM 09/29/2026 10:00PM ET,VAN,5.5,,
LW,James Hagens (44250645),James Hagens,44250645,W/UTIL,3300,NYR@BOS 09/29/2026 08:00PM ET,BOS,2.76,,
D,Nick Blankenburg (44250823),Nick Blankenburg,44250823,D/UTIL,3300,MTL@TOR 09/29/2026 07:00PM ET,TOR,5.46,,
D,Sam Rinzel (44250825),Sam Rinzel,44250825,D/UTIL,3300,CHI@VGK 09/29/2026 10:30PM ET,CHI,5.77,,
C,Kirby Dach (44250477),Kirby Dach,44250477,C/UTIL,3200,MTL@TOR 09/29/2026 07:00PM ET,MTL,5.27,,
LW,Brendan Gallagher (44250647),Brendan Gallagher,44250647,W/UTIL,3200,VAN@EDM 09/29/2026 10:00PM ET,VAN,4.61,,
LW,Nick Lardis (44250649),Nick Lardis,44250649,W/UTIL,3200,CHI@VGK 09/29/2026 10:30PM ET,CHI,5.37,,
D,Ian Cole (44250827),Ian Cole,44250827,D/UTIL,3200,CHI@VGK 09/29/2026 10:30PM ET,CHI,5.89,,
D,Chris Tanev (44250829),Chris Tanev,44250829,D/UTIL,3200,MTL@TOR 09/29/2026 07:00PM ET,TOR,4.32,,
D,Alexandre Carrier (44250831),Alexandre Carrier,44250831,D/UTIL,3200,MTL@TOR 09/29/2026 07:00PM ET,MTL,7.1,,
C,Teddy Blueger (44250479),Teddy Blueger,44250479,C/UTIL,3100,MTL@TOR 09/29/2026 07:00PM ET,TOR,6.28,,
RW,Alexandre Texier (44250651),Alexandre Texier,44250651,W/UTIL,3100,MTL@TOR 09/29/2026 07:00PM ET,MTL,5.27,,
RW,Matt Savoie (44250653),Matt Savoie,44250653,W/UTIL,3100,VAN@EDM 09/29/2026 10:00PM ET,EDM,6.32,IR,
D,Jamie Oleksiak (44250833),Jamie Oleksiak,44250833,D/UTIL,3100,VAN@EDM 09/29/2026 10:00PM ET,VAN,4.97,,
D,Braden Schneider (44250835),Braden Schneider,44250835,D/UTIL,3100,NYR@BOS 09/29/2026 08:00PM ET,NYR,6.15,,
C,Fraser Minten (44250481),Fraser Minten,44250481,C/UTIL,3000,NYR@BOS 09/29/2026 08:00PM ET,BOS,5.87,,
LW,Victor Olofsson (44250655),Victor Olofsson,44250655,W/UTIL,3000,CHI@VGK 09/29/2026 10:30PM ET,VGK,6.06,,
LW,Casey Mittelstadt (44250657),Casey Mittelstadt,44250657,W/UTIL,3000,NYR@BOS 09/29/2026 08:00PM ET,BOS,5.72,,
D,Alex Vlasic (44250837),Alex Vlasic,44250837,D/UTIL,3000,CHI@VGK 09/29/2026 10:30PM ET,CHI,5.46,,
D,Zeev Buium (44250839),Zeev Buium,44250839,D/UTIL,3000,VAN@EDM 09/29/2026 10:00PM ET,VAN,4.49,,
C,Jake Evans (44250483),Jake Evans,44250483,C/UTIL,2900,MTL@TOR 09/29/2026 07:00PM ET,MTL,5.45,,
LW,Dakota Joshua (44250659),Dakota Joshua,44250659,W/UTIL,2900,MTL@TOR 09/29/2026 07:00PM ET,TOR,4.56,IR,
RW,Braeden Bowman (44250661),Braeden Bowman,44250661,W/UTIL,2900,CHI@VGK 09/29/2026 10:30PM ET,VGK,5.48,,
D,Connor Murphy (44250841),Connor Murphy,44250841,D/UTIL,2900,VAN@EDM 09/29/2026 10:00PM ET,EDM,6.1,,
D,Artyom Levshunov (44250843),Artyom Levshunov,44250843,D/UTIL,2900,CHI@VGK 09/29/2026 10:30PM ET,CHI,5.46,,
C,Jason Dickinson (44250485),Jason Dickinson,44250485,C/UTIL,2800,VAN@EDM 09/29/2026 10:00PM ET,EDM,4.79,IR,
LW,Zack Bolduc (44250663),Zack Bolduc,44250663,W/UTIL,2800,MTL@TOR 09/29/2026 07:00PM ET,MTL,5.03,,
LW,Adam Sykora (44250665),Adam Sykora,44250665,W/UTIL,2800,NYR@BOS 09/29/2026 08:00PM ET,NYR,6,IR,
D,Nikita Zadorov (44250845),Nikita Zadorov,44250845,D/UTIL,2800,NYR@BOS 09/29/2026 08:00PM ET,BOS,5.46,,
D,Marcus Pettersson (44250847),Marcus Pettersson,44250847,D/UTIL,2800,NYR@BOS 09/29/2026 08:00PM ET,NYR,5.36,,
C,Phillip Danault (44250487),Phillip Danault,44250487,C/UTIL,2700,MTL@TOR 09/29/2026 07:00PM ET,MTL,4.52,,
C,Ryan Greene (44250489),Ryan Greene,44250489,C/UTIL,2700,CHI@VGK 09/29/2026 10:30PM ET,CHI,4.98,,
RW,Colton Sissons (44250667),Colton Sissons,44250667,W/UTIL,2700,MTL@TOR 09/29/2026 07:00PM ET,TOR,4.19,,
RW,Josh Anderson (44250669),Josh Anderson,44250669,W/UTIL,2700,MTL@TOR 09/29/2026 07:00PM ET,MTL,5.35,,
D,Will Borgen (44250849),Will Borgen,44250849,D/UTIL,2700,NYR@BOS 09/29/2026 08:00PM ET,BOS,4.81,,
D,Ryan Shea (44250851),Ryan Shea,44250851,D/UTIL,2700,VAN@EDM 09/29/2026 10:00PM ET,EDM,5.63,,
D,Matthew Robertson (44250853),Matthew Robertson,44250853,D/UTIL,2700,NYR@BOS 09/29/2026 08:00PM ET,NYR,4.84,,
C,Sean Kuraly (44250491),Sean Kuraly,44250491,C/UTIL,2600,NYR@BOS 09/29/2026 08:00PM ET,BOS,4.47,,
C,Oliver Moore (44250493),Oliver Moore,44250493,C/UTIL,2600,CHI@VGK 09/29/2026 10:30PM ET,CHI,4.3,,
RW,Steven Lorentz (44250671),Steven Lorentz,44250671,W/UTIL,2600,MTL@TOR 09/29/2026 07:00PM ET,TOR,4.07,,
RW,Marat Khusnutdinov (44250673),Marat Khusnutdinov,44250673,W/UTIL,2600,NYR@BOS 09/29/2026 08:00PM ET,BOS,4.88,,
LW,Liam Ohgren (44250675),Liam Ohgren,44250675,W/UTIL,2600,VAN@EDM 09/29/2026 10:00PM ET,VAN,4.62,,
D,Parker Wotherspoon (44250855),Parker Wotherspoon,44250855,D/UTIL,2600,CHI@VGK 09/29/2026 10:30PM ET,VGK,5.73,,
D,Shakir Mukhamadullin (44250857),Shakir Mukhamadullin,44250857,D/UTIL,2600,VAN@EDM 09/29/2026 10:00PM ET,EDM,5.14,,
D,Wyatt Kaiser (44250859),Wyatt Kaiser,44250859,D/UTIL,2600,CHI@VGK 09/29/2026 10:30PM ET,CHI,4.16,,
D,Tom Willander (44250861),Tom Willander,44250861,D/UTIL,2600,VAN@EDM 09/29/2026 10:00PM ET,VAN,4.72,,
C,Justin Dowling (44250495),Justin Dowling,44250495,C/UTIL,2500,NYR@BOS 09/29/2026 08:00PM ET,NYR,1.4,,
C,Logan Shaw (44250497),Logan Shaw,44250497,C/UTIL,2500,MTL@TOR 09/29/2026 07:00PM ET,TOR,0,,
C,Brendan Gaunce (44250499),Brendan Gaunce,44250499,C/UTIL,2500,NYR@BOS 09/29/2026 08:00PM ET,BOS,4.59,,
C,Mattias Janmark (44250501),Mattias Janmark,44250501,C/UTIL,2500,VAN@EDM 09/29/2026 10:00PM ET,EDM,2.36,IR,
C,Nic Dowd (44250503),Nic Dowd,44250503,C/UTIL,2500,CHI@VGK 09/29/2026 10:30PM ET,VGK,4.04,,
C,Tanner Laczynski (44250505),Tanner Laczynski,44250505,C/UTIL,2500,CHI@VGK 09/29/2026 10:30PM ET,VGK,5.25,,
C,Mitch McLain (44250507),Mitch McLain,44250507,C/UTIL,2500,CHI@VGK 09/29/2026 10:30PM ET,VGK,0,,
C,Joe Veleno (44250509),Joe Veleno,44250509,C/UTIL,2500,NYR@BOS 09/29/2026 08:00PM ET,NYR,2.45,,
C,Bo Groulx (44250511),Bo Groulx,44250511,C/UTIL,2500,MTL@TOR 09/29/2026 07:00PM ET,TOR,5.22,,
C,Chase Wouters (44250513),Chase Wouters,44250513,C/UTIL,2500,VAN@EDM 09/29/2026 10:00PM ET,VAN,0,,
C,Juuso Parssinen (44250515),Juuso Parssinen,44250515,C/UTIL,2500,NYR@BOS 09/29/2026 08:00PM ET,NYR,2.88,,
C,Aatu Raty (44250517),Aatu Raty,44250517,C/UTIL,2500,VAN@EDM 09/29/2026 10:00PM ET,VAN,3.16,,
C,Brendan Brisson (44250519),Brendan Brisson,44250519,C/UTIL,2500,MTL@TOR 09/29/2026 07:00PM ET,TOR,3.1,,
C,Roby Jarventie (44250521),Roby Jarventie,44250521,C/UTIL,2500,VAN@EDM 09/29/2026 10:00PM ET,EDM,2.73,,
C,Riley Duran (44250523),Riley Duran,44250523,C/UTIL,2500,NYR@BOS 09/29/2026 08:00PM ET,BOS,0,,
C,Josh Samanski (44250525),Josh Samanski,44250525,C/UTIL,2500,VAN@EDM 09/29/2026 10:00PM ET,EDM,2.8,,
C,Attilio Biasca (44250527),Attilio Biasca,44250527,C/UTIL,2500,NYR@BOS 09/29/2026 08:00PM ET,BOS,0,,
C,Colton Dach (44250529),Colton Dach,44250529,C/UTIL,2500,VAN@EDM 09/29/2026 10:00PM ET,EDM,3.37,,
C,Jakub Demek (44250531),Jakub Demek,44250531,C/UTIL,2500,CHI@VGK 09/29/2026 10:30PM ET,VGK,0,,
C,Ivan Ivan (44250533),Ivan Ivan,44250533,C/UTIL,2500,NYR@BOS 09/29/2026 08:00PM ET,BOS,1.37,,
C,Owen Beck (44250535),Owen Beck,44250535,C/UTIL,2500,MTL@TOR 09/29/2026 07:00PM ET,MTL,2.36,,
C,Matthew Poitras (44250537),Matthew Poitras,44250537,C/UTIL,2500,NYR@BOS 09/29/2026 08:00PM ET,BOS,8.7,IR,
C,Jordan Gustafson (44250539),Jordan Gustafson,44250539,C/UTIL,2500,CHI@VGK 09/29/2026 10:30PM ET,VGK,0,,
C,Noah Laba (44250541),Noah Laba,44250541,C/UTIL,2500,NYR@BOS 09/29/2026 08:00PM ET,NYR,4.44,,
C,Dans Locmelis (44250543),Dans Locmelis,44250543,C/UTIL,2500,NYR@BOS 09/29/2026 08:00PM ET,BOS,0,,
C,Max Sasson (44250545),Max Sasson,44250545,C/UTIL,2500,VAN@EDM 09/29/2026 10:00PM ET,VAN,4.34,,
C,Jiri Felcman (44250547),Jiri Felcman,44250547,C/UTIL,2500,CHI@VGK 09/29/2026 10:30PM ET,CHI,0,,
C,Ty Mueller (44250549),Ty Mueller,44250549,C/UTIL,2500,VAN@EDM 09/29/2026 10:00PM ET,VAN,2.78,,
C,Jacob Quillan (44250551),Jacob Quillan,44250551,C/UTIL,2500,MTL@TOR 09/29/2026 07:00PM ET,TOR,2.45,,
C,Sacha Boisvert (44250553),Sacha Boisvert,44250553,C/UTIL,2500,CHI@VGK 09/29/2026 10:30PM ET,CHI,3.4,,
C,Kai Uchacz (44250555),Kai Uchacz,44250555,C/UTIL,2500,CHI@VGK 09/29/2026 10:30PM ET,VGK,2.3,IR,
C,Luke Haymes (44250557),Luke Haymes,44250557,C/UTIL,2500,MTL@TOR 09/29/2026 07:00PM ET,TOR,3.02,,
C,Braeden Cootes (44250559),Braeden Cootes,44250559,C/UTIL,2500,VAN@EDM 09/29/2026 10:00PM ET,VAN,0.43,,
C,Aidan Thompson (44250561),Aidan Thompson,44250561,C/UTIL,2500,NYR@BOS 09/29/2026 08:00PM ET,NYR,0,IR,
C,Owen Michaels (44250563),Owen Michaels,44250563,C/UTIL,2500,VAN@EDM 09/29/2026 10:00PM ET,EDM,0,,
C,Vinni Lettieri (44250565),Vinni Lettieri,44250565,C/UTIL,2500,MTL@TOR 09/29/2026 07:00PM ET,TOR,0,,
LW,MacKenzie MacEachern (44250677),MacKenzie MacEachern,44250677,W/UTIL,2500,VAN@EDM 09/29/2026 10:00PM ET,VAN,5.04,IR,
LW,Dominic Toninato (44250679),Dominic Toninato,44250679,W/UTIL,2500,CHI@VGK 09/29/2026 10:30PM ET,CHI,2.29,,
LW,Vincent Arseneau (44250681),Vincent Arseneau,44250681,W/UTIL,2500,MTL@TOR 09/29/2026 07:00PM ET,MTL,0,,
LW,Max Domi (44250683),Max Domi,44250683,W/UTIL,2500,MTL@TOR 09/29/2026 07:00PM ET,TOR,5.71,IR,
LW,Jordan Greenway (44250685),Jordan Greenway,44250685,W/UTIL,2500,CHI@VGK 09/29/2026 10:30PM ET,CHI,2.87,,
RW,Mathieu Joseph (44250687),Mathieu Joseph,44250687,W/UTIL,2500,VAN@EDM 09/29/2026 10:00PM ET,EDM,3.31,,
RW,Andrew Mangiapane (44250689),Andrew Mangiapane,44250689,W/UTIL,2500,CHI@VGK 09/29/2026 10:30PM ET,CHI,3.83,,
LW,Max Jones (44250691),Max Jones,44250691,W/UTIL,2500,VAN@EDM 09/29/2026 10:00PM ET,EDM,3.45,,
LW,Trent Frederic (44250693),Trent Frederic,44250693,W/UTIL,2500,VAN@EDM 09/29/2026 10:00PM ET,EDM,2.65,,
RW,Taylor Raddysh (44250695),Taylor Raddysh,44250695,W/UTIL,2500,NYR@BOS 09/29/2026 08:00PM ET,NYR,4.04,,
RW,Brandon Duhaime (44250697),Brandon Duhaime,44250697,W/UTIL,2500,MTL@TOR 09/29/2026 07:00PM ET,TOR,2.93,,
RW,Michael Eyssimont (44250699),Michael Eyssimont,44250699,W/UTIL,2500,NYR@BOS 09/29/2026 08:00PM ET,BOS,5.55,,
LW,Michael Pezzetta (44250701),Michael Pezzetta,44250701,W/UTIL,2500,MTL@TOR 09/29/2026 07:00PM ET,TOR,0.77,,
LW,Tanner Jeannot (44250703),Tanner Jeannot,44250703,W/UTIL,2500,NYR@BOS 09/29/2026 08:00PM ET,BOS,4.3,,
RW,Zack MacEwen (44250705),Zack MacEwen,44250705,W/UTIL,2500,MTL@TOR 09/29/2026 07:00PM ET,TOR,2.43,,
LW,Alex Formenton (44250707),Alex Formenton,44250707,W/UTIL,2500,VAN@EDM 09/29/2026 10:00PM ET,EDM,0,,
LW,Jonas Rondbjerg (44250709),Jonas Rondbjerg,44250709,W/UTIL,2500,CHI@VGK 09/29/2026 10:30PM ET,VGK,3.5,,
RW,Mark Kastelic (44250711),Mark Kastelic,44250711,W/UTIL,2500,NYR@BOS 09/29/2026 08:00PM ET,BOS,4.9,,
RW,Paul Cotter (44250713),Paul Cotter,44250713,W/UTIL,2500,VAN@EDM 09/29/2026 10:00PM ET,VAN,2.91,,
RW,Sam Poulin (44250715),Sam Poulin,44250715,W/UTIL,2500,MTL@TOR 09/29/2026 07:00PM ET,MTL,2.05,,
LW,Raphael Lavoie (44250717),Raphael Lavoie,44250717,W/UTIL,2500,CHI@VGK 09/29/2026 10:30PM ET,VGK,0,DTD,
RW,Alexander Holtz (44250719),Alexander Holtz,44250719,W/UTIL,2500,CHI@VGK 09/29/2026 10:30PM ET,VGK,4.21,,
LW,Lukas Reichel (44250721),Lukas Reichel,44250721,W/UTIL,2500,NYR@BOS 09/29/2026 08:00PM ET,BOS,3.78,,
RW,Cole Smith (44250723),Cole Smith,44250723,W/UTIL,2500,CHI@VGK 09/29/2026 10:30PM ET,CHI,3.41,,
LW,Landon Slaggert (44250725),Landon Slaggert,44250725,W/UTIL,2500,CHI@VGK 09/29/2026 10:30PM ET,CHI,2.78,,
LW,Jackson Kunz (44250727),Jackson Kunz,44250727,W/UTIL,2500,MTL@TOR 09/29/2026 07:00PM ET,TOR,0,,
RW,Brett Berard (44250729),Brett Berard,44250729,W/UTIL,2500,MTL@TOR 09/29/2026 07:00PM ET,MTL,2.28,,
RW,Matt Rempe (44250731),Matt Rempe,44250731,W/UTIL,2500,NYR@BOS 09/29/2026 08:00PM ET,NYR,1.49,,
RW,Ryan Tverberg (44250733),Ryan Tverberg,44250733,W/UTIL,2500,MTL@TOR 09/29/2026 07:00PM ET,TOR,1.4,,
RW,Filip Mesar (44250735),Filip Mesar,44250735,W/UTIL,2500,MTL@TOR 09/29/2026 07:00PM ET,MTL,0,,
LW,Alex Steeves (44250737),Alex Steeves,44250737,W/UTIL,2500,NYR@BOS 09/29/2026 08:00PM ET,BOS,5.3,,
RW,Kalle Vaisanen (44250739),Kalle Vaisanen,44250739,W/UTIL,2500,NYR@BOS 09/29/2026 08:00PM ET,BOS,0,,
RW,Jaroslav Chmelar (44250741),Jaroslav Chmelar,44250741,W/UTIL,2500,NYR@BOS 09/29/2026 08:00PM ET,NYR,3.55,,
LW,Eduards Tralmaks (44250743),Eduards Tralmaks,44250743,W/UTIL,2500,VAN@EDM 09/29/2026 10:00PM ET,EDM,0,,
LW,Tye Kartye (44250745),Tye Kartye,44250745,W/UTIL,2500,NYR@BOS 09/29/2026 08:00PM ET,NYR,4.49,,
LW,Arshdeep Bains (44250747),Arshdeep Bains,44250747,W/UTIL,2500,VAN@EDM 09/29/2026 10:00PM ET,VAN,2.21,,
RW,Brian Halonen (44250749),Brian Halonen,44250749,W/UTIL,2500,NYR@BOS 09/29/2026 08:00PM ET,BOS,1.77,,
RW,Jonathan Lekkerimaki (44250751),Jonathan Lekkerimaki,44250751,W/UTIL,2500,VAN@EDM 09/29/2026 10:00PM ET,VAN,3.35,,
LW,Jared Davidson (44250753),Jared Davidson,44250753,W/UTIL,2500,MTL@TOR 09/29/2026 07:00PM ET,MTL,1.98,,
RW,Martin Misiak (44250755),Martin Misiak,44250755,W/UTIL,2500,CHI@VGK 09/29/2026 10:30PM ET,CHI,0,,
LW,Anri Ravinskis (44250757),Anri Ravinskis,44250757,W/UTIL,2500,VAN@EDM 09/29/2026 10:00PM ET,VAN,0,,
RW,Marc Gatcomb (44250759),Marc Gatcomb,44250759,W/UTIL,2500,CHI@VGK 09/29/2026 10:30PM ET,VGK,3.43,,
LW,Florian Xhekaj (44250761),Florian Xhekaj,44250761,W/UTIL,2500,MTL@TOR 09/29/2026 07:00PM ET,MTL,3.24,,
LW,Vilmer Alriksson (44250763),Vilmer Alriksson,44250763,W/UTIL,2500,VAN@EDM 09/29/2026 10:00PM ET,VAN,0,,
LW,Connor Clattenburg (44250765),Connor Clattenburg,44250765,W/UTIL,2500,VAN@EDM 09/29/2026 10:00PM ET,EDM,3.38,,
LW,Marek Vanacker (44250767),Marek Vanacker,44250767,W/UTIL,2500,CHI@VGK 09/29/2026 10:30PM ET,CHI,0,,
RW,AJ Spellacy (44250769),AJ Spellacy,44250769,W/UTIL,2500,CHI@VGK 09/29/2026 10:30PM ET,CHI,0,,
RW,Quinn Hutson (44250771),Quinn Hutson,44250771,W/UTIL,2500,VAN@EDM 09/29/2026 10:00PM ET,EDM,3.58,,
LW,Connor Mylymok (44250773),Connor Mylymok,44250773,W/UTIL,2500,CHI@VGK 09/29/2026 10:30PM ET,CHI,0,,
LW,Dillon Boucher (44250775),Dillon Boucher,44250775,W/UTIL,2500,CHI@VGK 09/29/2026 10:30PM ET,CHI,0,,
RW,Aku Raty (44250777),Aku Raty,44250777,W/UTIL,2500,VAN@EDM 09/29/2026 10:00PM ET,EDM,0,,
RW,Alex Belzile (44250779),Alex Belzile,44250779,W/UTIL,2500,MTL@TOR 09/29/2026 07:00PM ET,MTL,0,,
D,Luke Schenn (44250863),Luke Schenn,44250863,D/UTIL,2500,VAN@EDM 09/29/2026 10:00PM ET,VAN,3.51,,
D,Ryan Ellis (44250865),Ryan Ellis,44250865,D/UTIL,2500,CHI@VGK 09/29/2026 10:30PM ET,CHI,0,IR,
D,Derrick Pouliot (44250867),Derrick Pouliot,44250867,D/UTIL,2500,CHI@VGK 09/29/2026 10:30PM ET,CHI,0,,
D,Jaycob Megna (44250869),Jaycob Megna,44250869,D/UTIL,2500,CHI@VGK 09/29/2026 10:30PM ET,VGK,0.7,,
D,Connor Clifton (44250871),Connor Clifton,44250871,D/UTIL,2500,NYR@BOS 09/29/2026 08:00PM ET,BOS,4.48,,
D,Brandon Hickey (44250873),Brandon Hickey,44250873,D/UTIL,2500,CHI@VGK 09/29/2026 10:30PM ET,VGK,0,,
D,Jeremy Lauzon (44250875),Jeremy Lauzon,44250875,D/UTIL,2500,CHI@VGK 09/29/2026 10:30PM ET,VGK,4.84,,
D,Guillaume Brisebois (44250877),Guillaume Brisebois,44250877,D/UTIL,2500,VAN@EDM 09/29/2026 10:00PM ET,VAN,0,,
D,Dakota Mermis (44250879),Dakota Mermis,44250879,D/UTIL,2500,MTL@TOR 09/29/2026 07:00PM ET,TOR,2.79,,
D,Philippe Myers (44250881),Philippe Myers,44250881,D/UTIL,2500,MTL@TOR 09/29/2026 07:00PM ET,TOR,3.88,,
D,Cavan Fitzgerald (44250883),Cavan Fitzgerald,44250883,D/UTIL,2500,CHI@VGK 09/29/2026 10:30PM ET,CHI,0,,
D,Troy Stecher (44250885),Troy Stecher,44250885,D/UTIL,2500,MTL@TOR 09/29/2026 07:00PM ET,TOR,4.88,,
D,Dennis Cholowski (44250887),Dennis Cholowski,44250887,D/UTIL,2500,NYR@BOS 09/29/2026 08:00PM ET,NYR,3.3,,
D,Jeremy Davies (44250889),Jeremy Davies,44250889,D/UTIL,2500,CHI@VGK 09/29/2026 10:30PM ET,VGK,0,,
D,Dylan Coghlan (44250891),Dylan Coghlan,44250891,D/UTIL,2500,CHI@VGK 09/29/2026 10:30PM ET,VGK,4.21,,
D,Urho Vaakanainen (44250893),Urho Vaakanainen,44250893,D/UTIL,2500,NYR@BOS 09/29/2026 08:00PM ET,NYR,2.89,,
D,Henri Jokiharju (44250895),Henri Jokiharju,44250895,D/UTIL,2500,NYR@BOS 09/29/2026 08:00PM ET,BOS,4.76,,
D,Adam Ginning (44250897),Adam Ginning,44250897,D/UTIL,2500,CHI@VGK 09/29/2026 10:30PM ET,VGK,1.9,,
D,Alec Regula (44250899),Alec Regula,44250899,D/UTIL,2500,VAN@EDM 09/29/2026 10:00PM ET,EDM,4.14,IR,
D,Jordan Harris (44250901),Jordan Harris,44250901,D/UTIL,2500,NYR@BOS 09/29/2026 08:00PM ET,BOS,5.54,,
D,Ty Emberson (44250903),Ty Emberson,44250903,D/UTIL,2500,VAN@EDM 09/29/2026 10:00PM ET,EDM,4.31,,
D,Spencer Stastney (44250905),Spencer Stastney,44250905,D/UTIL,2500,VAN@EDM 09/29/2026 10:00PM ET,EDM,3.59,,
D,Jonathan Aspirot (44250907),Jonathan Aspirot,44250907,D/UTIL,2500,NYR@BOS 09/29/2026 08:00PM ET,BOS,4.94,,
D,Ville Heinola (44250909),Ville Heinola,44250909,D/UTIL,2500,CHI@VGK 09/29/2026 10:30PM ET,VGK,2.88,,
D,Jayden Struble (44250911),Jayden Struble,44250911,D/UTIL,2500,MTL@TOR 09/29/2026 07:00PM ET,MTL,2.46,,
D,Max Guenette (44250913),Max Guenette,44250913,D/UTIL,2500,NYR@BOS 09/29/2026 08:00PM ET,BOS,0,,
D,Connor Mackey (44250915),Connor Mackey,44250915,D/UTIL,2500,CHI@VGK 09/29/2026 10:30PM ET,CHI,1.87,,
D,Kaiden Guhle (44250917),Kaiden Guhle,44250917,D/UTIL,2500,MTL@TOR 09/29/2026 07:00PM ET,MTL,6.34,IR,
D,Emil Andrae (44250919),Emil Andrae,44250919,D/UTIL,2500,MTL@TOR 09/29/2026 07:00PM ET,TOR,3.44,,
D,Mason Lohrei (44250921),Mason Lohrei,44250921,D/UTIL,2500,NYR@BOS 09/29/2026 08:00PM ET,BOS,5.6,,
D,William Villeneuve (44250923),William Villeneuve,44250923,D/UTIL,2500,MTL@TOR 09/29/2026 07:00PM ET,TOR,4.17,IR,
D,Maksymilian Szuber (44250925),Maksymilian Szuber,44250925,D/UTIL,2500,MTL@TOR 09/29/2026 07:00PM ET,MTL,0,,
D,Scott Morrow (44250927),Scott Morrow,44250927,D/UTIL,2500,NYR@BOS 09/29/2026 08:00PM ET,NYR,3.99,,
D,Vincent Iorio (44250929),Vincent Iorio,44250929,D/UTIL,2500,NYR@BOS 09/29/2026 08:00PM ET,NYR,3.82,IR,
D,Ethan Del Mastro (44250931),Ethan Del Mastro,44250931,D/UTIL,2500,CHI@VGK 09/29/2026 10:30PM ET,CHI,3.5,,
D,Billy Sweezey (44250933),Billy Sweezey,44250933,D/UTIL,2500,NYR@BOS 09/29/2026 08:00PM ET,BOS,0,,
D,Arber Xhekaj (44250935),Arber Xhekaj,44250935,D/UTIL,2500,MTL@TOR 09/29/2026 07:00PM ET,MTL,2.33,,
D,David Reinbacher (44250937),David Reinbacher,44250937,D/UTIL,2500,MTL@TOR 09/29/2026 07:00PM ET,MTL,6.05,,
D,Kevin Korchinski (44250939),Kevin Korchinski,44250939,D/UTIL,2500,CHI@VGK 09/29/2026 10:30PM ET,CHI,2.88,,
D,Elias-Nils Pettersson (44250941),Elias-Nils Pettersson,44250941,D/UTIL,2500,VAN@EDM 09/29/2026 10:00PM ET,VAN,3.86,,
D,Adam Engstrom (44250943),Adam Engstrom,44250943,D/UTIL,2500,MTL@TOR 09/29/2026 07:00PM ET,MTL,2.13,,
D,Frederic Brunet (44250945),Frederic Brunet,44250945,D/UTIL,2500,NYR@BOS 09/29/2026 08:00PM ET,BOS,0,,
D,Victor Mancini (44250947),Victor Mancini,44250947,D/UTIL,2500,VAN@EDM 09/29/2026 10:00PM ET,VAN,3.16,,
D,Kirill Kudryavtsev (44250949),Kirill Kudryavtsev,44250949,D/UTIL,2500,VAN@EDM 09/29/2026 10:00PM ET,VAN,5.77,,
D,Marshall Rifai (44250951),Marshall Rifai,44250951,D/UTIL,2500,MTL@TOR 09/29/2026 07:00PM ET,TOR,2.8,,
D,Cole McWard (44250953),Cole McWard,44250953,D/UTIL,2500,MTL@TOR 09/29/2026 07:00PM ET,TOR,3.67,,
D,Sawyer Mynio (44250955),Sawyer Mynio,44250955,D/UTIL,2500,VAN@EDM 09/29/2026 10:00PM ET,VAN,0,,
D,Drew Fortescue (44250957),Drew Fortescue,44250957,D/UTIL,2500,NYR@BOS 09/29/2026 08:00PM ET,NYR,3.29,,
D,Joe Arntsen (44250959),Joe Arntsen,44250959,D/UTIL,2500,VAN@EDM 09/29/2026 10:00PM ET,VAN,0,,
D,Tomas Cibulka (44250961),Tomas Cibulka,44250961,D/UTIL,2500,VAN@EDM 09/29/2026 10:00PM ET,EDM,0,,
D,Ben Danford (44250963),Ben Danford,44250963,D/UTIL,2500,MTL@TOR 09/29/2026 07:00PM ET,TOR,0,,
D,Loke Johansson (44250965),Loke Johansson,44250965,D/UTIL,2500,NYR@BOS 09/29/2026 08:00PM ET,BOS,0,,
D,Dylan Anhorn (44250967),Dylan Anhorn,44250967,D/UTIL,2500,CHI@VGK 09/29/2026 10:30PM ET,CHI,0,,
D,Atro Leppanen (44250969),Atro Leppanen,44250969,D/UTIL,2500,VAN@EDM 09/29/2026 10:00PM ET,EDM,0,IR,
D,Tim Rego (44250971),Tim Rego,44250971,D/UTIL,2500,VAN@EDM 09/29/2026 10:00PM ET,VAN,0,,
D,Juho Piiparinen (44250973),Juho Piiparinen,44250973,D/UTIL,2500,CHI@VGK 09/29/2026 10:30PM ET,VGK,0,,
D,Alberts Smits (44250975),Alberts Smits,44250975,D/UTIL,2500,NYR@BOS 09/29/2026 08:00PM ET,NYR,0,,
D,Reilly Walsh (44250977),Reilly Walsh,44250977,D/UTIL,2500,MTL@TOR 09/29/2026 07:00PM ET,MTL,0,,
D,Alex Pietrangelo (44250979),Alex Pietrangelo,44250979,D/UTIL,2500,CHI@VGK 09/29/2026 10:30PM ET,VGK,0,IR,
RW,Miles Wood (44328387),Miles Wood,44328387,W/UTIL,2500,MTL@TOR 09/29/2026 07:00PM ET,TOR,4.28,,