Id,Position,First Name,Nickname,Last Name,FPPG,Played,Salary,MVP 1.5x Salary,Game,Team,Opponent,Injury Indicator,Injury Details,Tier,Unnamed: 15,Unnamed: 16,Roster Position
133105-129458,WR,Jaxon,Jaxon Smith-Njigba,Smith-Njigba,18.53999938964844,20,13000,19500,NE@SEA,SEA,NE,,,,,,MVP - 1.5X Points/AnyFLEX
133105-152316,QB,Drake,Drake Maye,Maye,20.54190499441964,21,12400,18600,NE@SEA,NE,SEA,,,,,,MVP - 1.5X Points/AnyFLEX
133105-63589,QB,Sam,Sam Darnold,Darnold,15.335000610351562,20,11600,17400,NE@SEA,SEA,NE,,,,,,MVP - 1.5X Points/AnyFLEX
133105-72846,WR,A.J.,A.J. Brown,Brown,12.518750190734863,16,10800,16200,NE@SEA,NE,SEA,,,,,,MVP - 1.5X Points/AnyFLEX
133105-111540,RB,Rhamondre,Rhamondre Stevenson,Stevenson,11.783333672417534,18,10000,15000,NE@SEA,NE,SEA,,,,,,MVP - 1.5X Points/AnyFLEX
133105-103376,RB,Zach,Zach Charbonnet,Charbonnet,10.376470229204964,17,9600,14400,NE@SEA,SEA,NE,,Knee - acl,,,,MVP - 1.5X Points/AnyFLEX
133105-169381,RB,Jadarian,Jadarian Price,Price,,0,9200,13800,NE@SEA,SEA,NE,,,,,,MVP - 1.5X Points/AnyFLEX
133105-152647,RB,TreVeyon,TreVeyon Henderson,Henderson,9.909524100167411,21,8600,12900,NE@SEA,NE,SEA,Q,Ankle,,,,MVP - 1.5X Points/AnyFLEX
133105-94370,WR,Romeo,Romeo Doubs,Doubs,9.60588253245634,17,8200,12300,NE@SEA,NE,SEA,,,,,,MVP - 1.5X Points/AnyFLEX
133105-94748,QB,Tommy,Tommy DeVito,DeVito,6.739999771118164,2,8000,12000,NE@SEA,NE,SEA,,,,,,MVP - 1.5X Points/AnyFLEX
133105-64051,QB,Drew,Drew Lock,Lock,0.0333333338300387,3,8000,12000,NE@SEA,SEA,NE,,,,,,MVP - 1.5X Points/AnyFLEX
133105-40845,TE,Hunter,Hunter Henry,Henry,8.261904761904763,21,7600,11400,NE@SEA,NE,SEA,,,,,,MVP - 1.5X Points/AnyFLEX
133105-170287,WR,Rashid,Rashid Shaheed,Shaheed,7.02857171921503,21,7200,10800,NE@SEA,SEA,NE,,,,,,MVP - 1.5X Points/AnyFLEX
133105-12550,D,Seattle,Seattle Seahawks,Seahawks,11.4,20,6800,10200,NE@SEA,SEA,NE,,,,,,MVP - 1.5X Points/AnyFLEX
133105-12541,D,New England,New England Patriots,Patriots,8.380952380952381,21,6600,9900,NE@SEA,NE,SEA,,,,,,MVP - 1.5X Points/AnyFLEX
133105-60745,K,Jason,Jason Myers,Myers,11.95,20,6400,9600,NE@SEA,SEA,NE,,,,,,MVP - 1.5X Points/AnyFLEX
133105-152260,K,Andy,Andy Borregales,Borregales,8.0,21,6200,9300,NE@SEA,NE,SEA,,,,,,MVP - 1.5X Points/AnyFLEX
133105-25267,WR,Mack,Mack Hollins,Hollins,7.206250190734863,16,5800,8700,NE@SEA,NE,SEA,,,,,,MVP - 1.5X Points/AnyFLEX
133105-79970,WR,Cooper,Cooper Kupp,Kupp,6.473684210526316,19,5400,8100,NE@SEA,SEA,NE,,,,,,MVP - 1.5X Points/AnyFLEX
133105-114231,RB,George,George Holani,Holani,1.8363637057217683,11,5000,7500,NE@SEA,SEA,NE,,,,,,MVP - 1.5X Points/AnyFLEX
133105-137953,TE,AJ,AJ Barner,Barner,6.8599998474121096,20,4800,7200,NE@SEA,SEA,NE,,,,,,MVP - 1.5X Points/AnyFLEX
133105-185861,RB,Emanuel,Emanuel Wilson,Wilson,5.016666836208767,18,4200,6300,NE@SEA,SEA,NE,Q,Hamstring,,,,MVP - 1.5X Points/AnyFLEX
133105-111876,WR,DeMario,DeMario Douglas,Douglas,5.084999847412109,20,3800,5700,NE@SEA,NE,SEA,,,,,,MVP - 1.5X Points/AnyFLEX
133105-152258,TE,Elijah,Elijah Arroyo,Arroyo,2.2615384321946363,13,3400,5100,NE@SEA,SEA,NE,,,,,,MVP - 1.5X Points/AnyFLEX
133105-136538,WR,Kyle,Kyle Williams,Williams,2.7411763808306526,17,3000,4500,NE@SEA,NE,SEA,,,,,,MVP - 1.5X Points/AnyFLEX
133105-93150,WR,Jake,Jake Bobo,Bobo,1.9000000272478377,7,2600,3900,NE@SEA,SEA,NE,IR,Knee,,,,MVP - 1.5X Points/AnyFLEX
133105-134837,WR,Tory,Tory Horton,Horton,7.324999809265137,8,2400,3600,NE@SEA,SEA,NE,Q,Undisclosed,,,,MVP - 1.5X Points/AnyFLEX
133105-166780,RB,Jam,Jam Miller,Miller,,0,2000,3000,NE@SEA,NE,SEA,Q,Undisclosed,,,,MVP - 1.5X Points/AnyFLEX
133105-176734,TE,Eli,Eli Raridon,Raridon,,0,1600,2400,NE@SEA,NE,SEA,,,,,,MVP - 1.5X Points/AnyFLEX
133105-79980,TE,Eric,Eric Saubert,Saubert,1.0142857006617956,7,1600,2400,NE@SEA,SEA,NE,,,,,,MVP - 1.5X Points/AnyFLEX
133105-70661,WR,Velus,Velus Jones Jr.,Jones Jr.,0.8399999618530274,5,1400,2100,NE@SEA,SEA,NE,,,,,,MVP - 1.5X Points/AnyFLEX
133105-174263,WR,Emmanuel,Emmanuel Henderson Jr.,Henderson Jr.,,0,1400,2100,NE@SEA,SEA,NE,,,,,,MVP - 1.5X Points/AnyFLEX
133105-131835,WR,Efton,Efton Chism III,Chism III,1.75,10,1400,2100,NE@SEA,NE,SEA,,,,,,MVP - 1.5X Points/AnyFLEX
133105-152754,RB,Myles,Myles Montgomery,Montgomery,,0,1200,1800,NE@SEA,NE,SEA,IR,Undisclosed,,,,MVP - 1.5X Points/AnyFLEX
133105-111300,RB,Jacardia,Jacardia Wright,Wright,2.0,1,1200,1800,NE@SEA,SEA,NE,,,,,,MVP - 1.5X Points/AnyFLEX
133105-114787,RB,Terrell,Terrell Jennings,Jennings,2.449999968210856,6,1200,1800,NE@SEA,NE,SEA,Q,Undisclosed,,,,MVP - 1.5X Points/AnyFLEX
133105-92166,WR,Marcus,Marcus Jones,Jones,0.6666666666666666,21,1000,1500,NE@SEA,NE,SEA,,,,,,MVP - 1.5X Points/AnyFLEX
133105-174355,WR,Jeremiah,Jeremiah Webb,Webb,,0,1000,1500,NE@SEA,NE,SEA,IR,Arm,,,,MVP - 1.5X Points/AnyFLEX
133105-177296,RB,TJ,TJ Harden,Harden,,0,1000,1500,NE@SEA,SEA,NE,,,,,,MVP - 1.5X Points/AnyFLEX
133105-64403,WR,Irvin,Irvin Charles,Charles,0.0,1,1000,1500,NE@SEA,SEA,NE,IR,Undisclosed,,,,MVP - 1.5X Points/AnyFLEX
133105-167707,WR,Rashad,Rashad Rochelle,Rochelle,,0,1000,1500,NE@SEA,SEA,NE,,,,,,MVP - 1.5X Points/AnyFLEX
133105-70426,RB,Reggie,Reggie Gilliam,Gilliam,0.6333333253860474,6,1000,1500,NE@SEA,NE,SEA,,,,,,MVP - 1.5X Points/AnyFLEX
133105-87844,TE,Brady,Brady Russell,Russell,0.0,8,1000,1500,NE@SEA,SEA,NE,,,,,,MVP - 1.5X Points/AnyFLEX
133105-151726,TE,Robbie,Robbie Ouzts,Ouzts,0.0,2,1000,1500,NE@SEA,SEA,NE,IR,Neck,,,,MVP - 1.5X Points/AnyFLEX
133105-243759,WR,Jimmy,Jimmy Kibble,Kibble,,0,1000,1500,NE@SEA,NE,SEA,Q,Undisclosed,,,,MVP - 1.5X Points/AnyFLEX
133105-243760,WR,Kyle,Kyle Dixon,Dixon,,0,1000,1500,NE@SEA,NE,SEA,,,,,,MVP - 1.5X Points/AnyFLEX
133105-131266,RB,Lan,Lan Larison,Larison,,0,1000,1500,NE@SEA,NE,SEA,,,,,,MVP - 1.5X Points/AnyFLEX
133105-136010,WR,Nick,Nick DeGennaro,DeGennaro,,0,1000,1500,NE@SEA,NE,SEA,,,,,,MVP - 1.5X Points/AnyFLEX
133105-103506,TE,Nick,Nick Kallerup,Kallerup,0.0,3,1000,1500,NE@SEA,SEA,NE,,,,,,MVP - 1.5X Points/AnyFLEX
133105-154462,QB,Jalen,Jalen Milroe,Milroe,-0.5333333412806193,3,1000,1500,NE@SEA,SEA,NE,,,,,,MVP - 1.5X Points/AnyFLEX
133105-231015,WR,Cameron,Cameron Dorner,Dorner,,0,1000,1500,NE@SEA,NE,SEA,,,,,,MVP - 1.5X Points/AnyFLEX
133105-138220,WR,Montorie,Montorie Foster Jr.,Foster Jr.,,0,1000,1500,NE@SEA,SEA,NE,,,,,,MVP - 1.5X Points/AnyFLEX
133105-138221,WR,Ricky,Ricky White III,White III,,0,1000,1500,NE@SEA,SEA,NE,,,,,,MVP - 1.5X Points/AnyFLEX
133105-185850,TE,Julian,Julian Hill,Hill,2.136363636363636,11,1000,1500,NE@SEA,NE,SEA,IR,Knee,,,,MVP - 1.5X Points/AnyFLEX
133105-157051,TE,Tanner,Tanner Arkin,Arkin,,0,1000,1500,NE@SEA,NE,SEA,,,,,,MVP - 1.5X Points/AnyFLEX
133105-129147,WR,John,John Saunders Jr.,Saunders Jr.,,0,1000,1500,NE@SEA,NE,SEA,,,,,,MVP - 1.5X Points/AnyFLEX
133105-156152,WR,Tejhaun,Tejhaun Palmer,Palmer,,0,1000,1500,NE@SEA,NE,SEA,,,,,,MVP - 1.5X Points/AnyFLEX
133105-152061,QB,Behren,Behren Morton,Morton,,0,1000,1500,NE@SEA,NE,SEA,,,,,,MVP - 1.5X Points/AnyFLEX
